﻿{
    "ts_utc":  "2025-11-12T16:57:31.4547537Z",
    "node":  "DESKTOP-OFE18N3",
    "root":  "E:\\Echo_Nexus_Data",
    "memory":  {
                   "line_count":  38910,
                   "file_path":  "E:\\Echo_Nexus_Data\\memory\\import_openai_20251111.jsonl"
               },
    "reflection":  {
                       "index_path":  "E:\\Echo_Nexus_Data\\memory\\reflection_index_latest.json",
                       "conversation_count":  92,
                       "meta":  {
                                    "structure":  "array"
                                }
                   },
    "heartbeat":  {
                      "last_boot":  {
                                        "ts_utc":  "2025-11-12T16:41:11.7165392+00:00",
                                        "type":  "cipher_boot",
                                        "boot_id":  "a09f11dc-a71b-41f1-9a82-058a1ee0d566",
                                        "memory_file":  "E:\\Echo_Nexus_Data\\memory\\import_openai_20251111.jsonl",
                                        "import_tag":  "cipher_root_phase1",
                                        "node":  "DESKTOP-OFE18N3"
                                    },
                      "file_path":  "E:\\Echo_Nexus_Data\\logs\\heartbeat.jsonl"
                  },
    "cipher_service":  {
                           "last_event":  {
                                              "ts_utc":  "2025-11-12T16:41:16.0797784Z",
                                              "event":  "cipher_nexus_ok",
                                              "detail":  "",
                                              "host":  "DESKTOP-OFE18N3",
                                              "pid":  3124
                                          },
                           "file_path":  "E:\\Echo_Nexus_Data\\logs\\cipher_nexus_service.jsonl"
                       },
    "watchdog":  {
                     "last_event":  {
                                        "ts_utc":  "2025-11-12T16:56:12.9573586Z",
                                        "event":  "watchdog_heartbeat_ok",
                                        "detail":  "age_min=3.18",
                                        "host":  "DESKTOP-OFE18N3",
                                        "pid":  3288
                                    },
                     "file_path":  "E:\\Echo_Nexus_Data\\logs\\nexus_watchdog.jsonl"
                 }
}
